﻿<?xml version="1.0" encoding="utf-8"?>
<Defs>

  <RulePackDef>
    <defName>TalkTopicsCube</defName>
    <rulePack>
      <rulesStrings>
        <li>TalkTopicCube->the cube</li> 
        <li>TalkTopicCube->cubes</li> 
        <li>TalkTopicCube->gold</li> 
        <li>TalkTopicCube->golden cubes</li> 
        <li>TalkTopicCube->the best geometric shape</li> 
        <li>TalkTopicCube->purity of gold</li> 
        <li>TalkTopicCube->atomic number 79</li>
        <li>TalkTopicCube->the noblest metal</li>
        <li>TalkTopicCube->gold's origins in space</li>
        <li>TalkTopicCube->the oceanic content of gold</li>
        <li>TalkTopicCube->the cube in religious iconography</li>
        <li>TalkTopicCube->the only regular hexahedron</li>
        <li>TalkTopicCube->square parallelepipeds</li>
        <li>TalkTopicCube->equilateral cuboids</li>
        <li>TalkTopicCube->the cubic New Jerusalem</li>
        <li>TalkTopicCube->the possibility of gold hypercubes</li>
        <li>TalkTopicCube->the heresy of the sphere</li>
        <li>TalkTopicCube->golden tesseracts</li>
        

      </rulesStrings>
    </rulePack>
  </RulePackDef>

  <RulePackDef>
    <defName>PersonalCharacteristicsCube</defName>
    <rulePack>
      <rulesStrings>
        <li>PersonalCharacteristicCube->relationship with the cube</li>
        <li>PersonalCharacteristicCube->knowledge of the cube</li> 
        <li>PersonalCharacteristicCube->favorite geometric shape</li>
        <li>PersonalCharacteristicCube->understanding of cubic structures</li> 
        <li>PersonalCharacteristicCube->worship of the cube</li>
        <li>PersonalCharacteristicCube->comfort drawn from the cube's companionship</li>
        <li>PersonalCharacteristicCube->restraint, regarding the cube</li>
        <li>PersonalCharacteristicCube->platonic objects in general</li>
      </rulesStrings>
    </rulePack>
  </RulePackDef>

</Defs>