﻿<?xml version="1.0" encoding="utf-8" ?>
<Defs>

  <RulePackDef>
    <defName>ArtDescription_CubeSculpture</defName>
    <rulePack>
      <rulesStrings>
        <li>r_art_description->This [cubeWork] [cubeDepicts] [aCube]. [cube_style_group]</li>

        <li>cube_style_group(p=2)->[cubeDescSentence]. [cubeExtraSentence].</li>
        <li>cube_style_group(p=3)->[cubeDescSentence].</li>
        <li>cube_style_group-></li>

        <li>cubeDescSentence(p=3)->[cubeLocation], [aPawn] [worshipsTheCube]</li>
        <li>cubeDescSentence(p=3)->[cubeLocation], [pawnsPlural] are [worshippingTheCube]</li>
        <li>cubeDescSentence->The [cubeWork] invites the viewer to begin [worshippingTheCube]</li>
        <li>cubeDescSentence->Figures [worshippingTheCube] from the center of this [cubeWork]</li>
        
        <li>cubeWork->work</li>
        <li>cubeWork->sculpture</li>
        <li>cubeWork->artwork</li>
        <li>cubeWork->piece</li>
        
        <li>aCube->an abstract cube</li>
        <li>aCube->a perfect cube</li>
        <li>aCube->a wonky cube</li>
        <li>aCube->a stylised cube</li>
        <li>aCube->a multiplying cube</li>
        <li>aCube->a crude cube</li>
        <li>aCube->a distorted cube</li>
        <li>aCube->a terrifying cube</li>
        <li>aCube->a dark cube</li>
      
        <li>cubeLocation->near the center</li>
        <li>cubeLocation->on each cube face</li>
        <li>cubeLocation->at the face centers</li>
        <li>cubeLocation->on top of the main figure</li>
        <li>cubeLocation->under the main figure</li>
        <li>cubeLocation->behind the main figure</li>
        <li>cubeLocation->near the edges</li>
        <li>cubeLocation->along the edges</li>
        <li>cubeLocation->along the edges</li>

        <!-- This and other sections partially duplicate certain lists from the utility content, but I wanted something which I could specifically tailor to the cubes -->
        <li>cubeDepicts->depicts</li>
        <li>cubeDepicts->shows</li>
        <li>cubeDepicts->displays</li>
        <li>cubeDepicts->portrays</li>

        <li>aPawn->a self-portrait of the artist</li>
        <li>aPawn->a thrumbo</li>
        <li>aPawn->an emaciated human figure with too many eyes</li>
        <li>aPawn->one of your colonists</li>
        <li>aPawn->a neanderthal</li>
        <li>aPawn->a glitterworld leader</li>
        <li>aPawn->an indistinct figure</li>
        <li>aPawn->a tribal shaman</li>
        <li>aPawn->a hooded sanguophage</li>
        <li>aPawn->a medieval princess</li>
        <li>aPawn->the leader of a distant [Community]</li>
        <li>aPawn->a [Weapon]-wielding woman</li>
        <li>aPawn->a robed procession</li>

        <li>pawnsPlural->your colonists</li>
        <li>pawnsPlural->a group of raiders</li>
        <li>pawnsPlural->a tribal congregation</li>
        <li>pawnsPlural->a mechanoid swarm</li>
        <li>pawnsPlural->a pirate gang</li>
        <li>pawnsPlural->rustic farmers</li>
        <li>pawnsPlural->a [AnimalGroup] of [Animal]s</li>
        <li>pawnsPlural->a group from a nearby [Community]</li>
        <li>pawnsPlural->[Quantity_adjphrase] people</li>

        <li>worshippingTheCube->worshipping the cube</li>
        <li>worshippingTheCube->bowing to cube</li>
        <li>worshippingTheCube->kneeling before cube</li>
        <li>worshippingTheCube->circling the cube</li>
        <li>worshippingTheCube->praising the cube</li>
        <li>worshippingTheCube->trembling in awe of the cube</li>
        <li>worshippingTheCube->pleading with the cube</li>
        <li>worshippingTheCube->crying before the cube</li>
        <li>worshippingTheCube->playing with the cube</li>
        <li>worshippingTheCube->befriending the cube</li>
        <li>worshippingTheCube->observing the cube</li>
        <li>worshippingTheCube->obsessing over the cube</li>
        <li>worshippingTheCube->sacrificing to the cube</li>
        <li>worshippingTheCube->making offerings to the cube</li>
        <li>worshippingTheCube->railing against the cube</li>
        <li>worshippingTheCube->respecting the cube</li>
        <li>worshippingTheCube->burying the cube</li>
        <li>worshippingTheCube->placing the cube on a pedestal</li>
        <li>worshippingTheCube->copying the cube</li>
        <li>worshippingTheCube->taking the cube to another world</li>

        <li>worshipsTheCube->worships the cube</li>
        <li>worshipsTheCube->bows to the cube</li>
        <li>worshipsTheCube->kneels before the cube</li>
        <li>worshipsTheCube->circles the cube</li>
        <li>worshipsTheCube->praises the cube</li>
        <li>worshipsTheCube->trembles in awe of the cube</li>
        <li>worshipsTheCube->pleads with the cube</li>
        <li>worshipsTheCube->cries before the cube</li>
        <li>worshipsTheCube->plays with the cube</li>
        <li>worshipsTheCube->befriends the cube</li>
        <li>worshipsTheCube->observes the cube</li>
        <li>worshipsTheCube->obsesses over the cube</li>
        <li>worshipsTheCube->sacrifices to the cube</li>
        <li>worshipsTheCube->makes offerings to the cube</li>
        <li>worshipsTheCube->rails against the cube</li>
        <li>worshipsTheCube->attacks the cube</li>
        <li>worshipsTheCube->buries the cube</li>
        <li>worshipsTheCube->places the cube on a pedestal</li>
        <li>worshipsTheCube->copies the cube</li>
        <li>worshipsTheCube->takes the cube to another world</li>

        <li>cubeExtraSentence->The cube seems [cubeEmotion] by this</li>
        <li>cubeExtraSentence->[pawnsPlural] are approaching to do the same</li>
        <li>cubeExtraSentence->[aPawn] approaches to do the same</li>
        <li>cubeExtraSentence->[aPawn] gazes mournfully at the scene</li>
        <li>cubeExtraSentence->[pawnsPlural] are trying to steal the cube</li>
        <li>cubeExtraSentence->The cube seems to shimmer softly</li>

        <li>cubeEmotion->unfazed</li>
        <li>cubeEmotion->pleased</li>
        <li>cubeEmotion->upset</li>
        <li>cubeEmotion->unmoved</li>
        <li>cubeEmotion->enraged</li>
        <li>cubeEmotion->charmed</li>
        <li>cubeEmotion->aggravated</li>
      </rulesStrings>
    </rulePack>
  </RulePackDef>

  <RulePackDef>
    <defName>ArtDescription_VoidSculpture</defName>
    <rulePack>
      <rulesStrings>
        <li>r_art_description->This [voidStrange] sculpture [voidVerbphrase]. [voidDesc]</li>

        <li>voidStrange->strange</li>
        <li>voidStrange->disturbing</li>
        <li>voidStrange->unsettling</li>
        <li>voidStrange->frightening</li>
        <li>voidStrange->twisted</li>
        <li>voidStrange->misshapen</li>
        <li>voidStrange->inhuman</li>
        <li>voidStrange->weird</li>

        <li>voidVerbphrase->curls in a disturbing shape</li>
        <li>voidVerbphrase->twists as though trying to harm the viewer</li>
        <li>voidVerbphrase->seems to shift under the viewer's gaze</li>
        <li>voidVerbphrase->emanates a sense of rage</li>
        <li>voidVerbphrase->emanates a sense of depression and sadness</li>
        <li>voidVerbphrase->provokes feelings of dread and self-doubt</li>
        <li>voidVerbphrase->expands randomly in different directions in fits and starts</li>
        <li>voidVerbphrase->seems to quiver until you look straight at it</li>
        <li>voidVerbphrase->almost looks like it is breathing</li>
        <li>voidVerbphrase->doesn't resemble any living creature</li>
        <li>voidVerbphrase->appears to be a metaphor for suffering</li>

        <li>voidDesc->Dozens of finger-like appendages painfully grip a central figure.</li>
        <li>voidDesc->Globes of material crush and squeeze each other into stretched-out shapes.</li>
        <li>voidDesc->Bladelike segments are bent together to resemble a face screaming in terror.</li>
        <li>voidDesc->Arm-like protrusions squeeze each other, as though trying to destroy themselves.</li>
        <li>voidDesc->Needles protruding from the surface look ready to shoot out and skewer anyone who moves nearby.</li>
        <li>voidDesc->The surface whorls and roils, shifting from organic-like texture to machinelike edges and blades.</li>
        <li>voidDesc->It looks as though it has sheared itself into pieces with great force, yet somehow still hangs together.</li>
        <li>voidDesc->A hand-like appendage waits as though ready to reach out and attack.</li>
        <li>voidDesc->A pair of figures each seem to penetrate and torture the other with curled, jagged fingers.</li>
        <li>voidDesc->A complex shape emerges from the mouth of a screaming face.</li>
        <li>voidDesc->An abstracted shape resembling an animal appears to rip off one of its own limbs.</li>
        <li>voidDesc->Hundreds of tiny abstract figure-like objects swarm over a large distorted globe.</li>

      </rulesStrings>
    </rulePack>
  </RulePackDef>

</Defs>
