﻿<?xml version="1.0" encoding="utf-8" ?>
<Defs>
  
  <RulePackDef>
    <defName>LabyrinthRamblings</defName>
    <rulePack>
      <rulesStrings>
        <li>r_root->[textDescSentence] [horrorDescSentence] [maybeSignature]</li>

        <li>maybeSignature(p=3)-></li>
        <li>maybeSignature->The author signs [PAWN_possessive] name: [PAWN_nameDef].</li>
        <li>maybeSignature->It ends with a name: [PAWN_nameDef].</li>
        <li>maybeSignature->The name [PAWN_nameDef] is scrawled at the bottom.</li>

        <li>textDescSentence->The floor etchings are rambling and incoherent.</li>
        <li>textDescSentence->The words are hard to make sense of.</li>
        <li>textDescSentence->The strange etchings are written backwards.</li>
        <li>textDescSentence->The writing is wobbly and weak.</li>
        <li>textDescSentence->The writing becomes more and more bizarre as it goes on.</li>
        <li>textDescSentence->The text is written in [writingMaterial] and has been partially wiped away.</li>
        <li>textDescSentence->Cryptic symbols mix with jagged lettering.</li>
        <li>textDescSentence->The writing is fragmented, as if interrupted multiple times.</li>
        <li>textDescSentence->The inscriptions fade and reappear as the text goes on.</li>
        <li>textDescSentence->This text is scrawled in [writingMaterial], forming frantic patterns.</li>

        <li>horrorDescSentence->Only one phrase can clearly be read: [rambling].</li>
        <li>horrorDescSentence->One phrase repeats over and over: [rambling].</li>
        <li>horrorDescSentence->Every sentence ends with the same phrase: [rambling].</li>
        <li>horrorDescSentence->Words run in a circle, endlessly repeating the same phrase: [rambling].</li>
        <li>horrorDescSentence->The author seems convinced that a metal parasite lives under [PAWN_possessive] skin. [PAWN_pronoun] describes intense pain as it shifts and squirms.</li>
        <li>horrorDescSentence->The author accuses her friend of injecting her with a metal parasite. [PAWN_pronoun] describes the horrible feeling of it growing inside [PAWN_objective].</li>
        <li>horrorDescSentence->The author begs for freedom from [PAWN_possessive] tormentor: [horrorDesc].</li>
        <li>horrorDescSentence->The same lines repeat over and over, describing [horrorDesc].</li>
        <li>horrorDescSentence->An odd poem describes [horrorDesc].</li>
        <li>horrorDescSentence->The words struggle to describe [horrorDesc].</li>
        <li>horrorDescSentence->The shaky writing describes the author's reaction to a vision of [horrorDesc].</li>
        <li>horrorDescSentence->Drawings accompany the text, depicting [horrorDesc].</li>
        <li>horrorDescSentence->Frantic sketches illustrate [horrorDesc], with notes annotating its features.</li>
        <li>horrorDescSentence->A chilling chant describes [horrorDesc].</li>
        <li>horrorDescSentence->Visceral illustrations intersperse the text, all hinting at [horrorDesc].</li>
        <li>horrorDescSentence->Whispered tales in the margins tell of [horrorDesc].</li>
        <li>horrorDescSentence->The writer's frantic tone builds to a climax focused on [horrorDesc].</li>
        <li>horrorDescSentence->Patterns form within the etchings, each culminating in a depiction of [horrorDesc].</li>
        <li>horrorDescSentence->The words are intertwined with vivid images of [horrorDesc].</li>
        <li>horrorDescSentence->A haunting lullaby is written alongside descriptions of [horrorDesc].</li>
        <li>horrorDescSentence->Desperate pleas for mercy are juxtaposed with tales of [horrorDesc].</li>

        <li>horrorDesc->an invisible creature that consumes the minds of the unbelievers</li>
        <li>horrorDesc->an impossible void-black sphere that pulses with pure suffering</li>
        <li>horrorDesc->a creature with bones for limbs, made of twisted meat and flesh</li>
        <li>horrorDesc->a being made entirely of shadow, eyes gleaming like stars</li>
        <li>horrorDesc->a man made of razor-sharp, blood-soaked knives</li>
        <li>horrorDesc->a mass of spinning blades emerging from an abyss</li>
        <li>horrorDesc->a silent child with a mouth stretching across its entire face</li>
        <li>horrorDesc->a grand twisted tower made of spikes and blades</li>
        <li>horrorDesc->a bizarre animal-like creature with features from several different species</li>
        <li>horrorDesc->a misshapen human figure with its body parts rearranged</li>
        <li>horrorDesc->a vast crowd of humans, all dead and rotten</li>
        <li>horrorDesc->human figures in terrifying masks of spikes</li>

        <li>rambling->let me out</li>
        <li>rambling->help me</li>
        <li>rambling->save me</li>
        <li>rambling->it watches</li>
        <li>rambling->it won't let go</li>
        <li>rambling->let go</li>
        <li>rambling->I hear its voice</li>
        <li>rambling->time is a lie</li>
        <li>rambling->take the pain away</li>
        <li>rambling->black ocean</li>
        <li>rambling->cutting and cutting</li>
        <li>rambling->whispers in the void</li>
        <li>rambling->it's always behind me</li>
        <li>rambling->so many eyes</li>
        <li>rambling->inside my head</li>
        <li>rambling->drowning in silence</li>
        <li>rambling->it knows my name</li>
        <li>rambling->shadows move</li>
        <li>rambling->no way out</li>
        <li>rambling->the darkness speaks</li>
        <li>rambling->they are watching</li>

        <li>writingMaterial->chalk</li>
        <li>writingMaterial->soot</li>
        <li>writingMaterial->smeared fluid</li>
        <li>writingMaterial->burned ash</li>
        <li>writingMaterial->dark ink</li>

      </rulesStrings>
    </rulePack>
  </RulePackDef>
  
</Defs>