﻿<?xml version="1.0" encoding="utf-8" ?>
<Defs>

  <RulePackDef>
    <defName>NamerArtCubeSculpture</defName>
    <include>
      <li>ArtNameUtility</li>
    </include>
    <rulePack>
      <rulesStrings>
        <!-- General -->
        <li>r_art_name->[AdjectiveAny] Cube</li>
        <li>r_art_name->[adjectiveCube] Cube</li>
        <li>r_art_name->Cube of [ConceptAny]</li>

        <li>adjectiveCube->saggy</li>
        <li>adjectiveCube->misshapen</li>
        <li>adjectiveCube->lumpy</li>
        <li>adjectiveCube->ugly</li>
        <li>adjectiveCube->lumpen</li>
        <li>adjectiveCube->multi</li>
        <li>adjectiveCube->lovely</li>
        <li>adjectiveCube->perfect</li>
        <li>adjectiveCube->edged</li>
        <li>adjectiveCube->universal</li>
        <li>adjectiveCube->sane</li>
        <li>adjectiveCube->thoughtful</li>
        <li>adjectiveCube->heavenly</li>
        <li>adjectiveCube->twisted</li>
        <li>adjectiveCube->wobbly</li>
        <li>adjectiveCube->deflated</li>
        <li>adjectiveCube->wonky</li>
        <li>adjectiveCube->distorted</li>
        <li>adjectiveCube->asymmetrical</li>
        <li>adjectiveCube->unhinged</li>
        <li>adjectiveCube->bizarre</li>
        <li>adjectiveCube->melted</li>
        <li>adjectiveCube->erratic</li>
        <li>adjectiveCube->dreamlike</li>
        <li>adjectiveCube->chaotic</li>
        <li>adjectiveCube->non-cubic</li>
        <li>adjectiveCube->phantasmagoric</li>
        <li>adjectiveCube->warped</li>
        <li>adjectiveCube->mystical</li>
        <li>adjectiveCube->absurd</li>
        <li>adjectiveCube->blurry</li>
      </rulesStrings>
    </rulePack>
  </RulePackDef>

  <RulePackDef>
    <defName>NamerArtVoidSculpture</defName>
    <include>
      <li>ArtNameUtility</li>
    </include>
    <rulePack>
      <rulesStrings>
        <!-- General -->
        <li>r_art_name->[AdjectiveAngsty] Sculpture</li>
        <li>r_art_name->[adjectiveUnsettling] Sculpture</li>

        <!-- Adjectives for Unsettling -->
        <li>adjectiveUnsettling->unsettling</li>
        <li>adjectiveUnsettling->disturbing</li>
        <li>adjectiveUnsettling->eerie</li>
        <li>adjectiveUnsettling->creepy</li>
        <li>adjectiveUnsettling->haunting</li>
        <li>adjectiveUnsettling->spine-chilling</li>
        <li>adjectiveUnsettling->sinister</li>
        <li>adjectiveUnsettling->macabre</li>
        <li>adjectiveUnsettling->unnerving</li>
        <li>adjectiveUnsettling->terrifying</li>
        <li>adjectiveUnsettling->ghastly</li>
        <li>adjectiveUnsettling->horrifying</li>
        <li>adjectiveUnsettling->frightening</li>
        <li>adjectiveUnsettling->shocking</li>
        <li>adjectiveUnsettling->bizarre</li>
        <li>adjectiveUnsettling->abnormal</li>
        <li>adjectiveUnsettling->weird</li>
        <li>adjectiveUnsettling->uncanny</li>
        <li>adjectiveUnsettling->strange</li>
        <li>adjectiveUnsettling->otherworldly</li>
      </rulesStrings>
    </rulePack>
  </RulePackDef>

</Defs>