<?xml version="1.0" encoding="utf-8" ?>
<Defs>

  <!--============= Prisoners ===============-->

  <JobDef>
    <defName>PrisonerInterrogateIdentity</defName>
    <driverClass>JobDriver_InterrogatePrisoner</driverClass>
    <reportString>interrogating TargetA.</reportString>
    <allowOpportunisticPrefix>true</allowOpportunisticPrefix>
  </JobDef>
  
  <!--============= Activity suppression ===============-->

  <JobDef>
    <defName>ActivitySuppression</defName>
    <driverClass>JobDriver_ActivitySuppression</driverClass>
    <reportString>suppressing TargetC.</reportString>
    <allowOpportunisticPrefix>true</allowOpportunisticPrefix>
  </JobDef>

</Defs>