<?xml version="1.0" encoding="utf-8" ?>
<Defs>

  <XenotypeDef>
    <defName>Baseliner</defName>
    <label>baseliner</label>
    <description>A naturally-evolved human with no major significant genetic modifications.</description>
    <iconPath>UI/Icons/Xenotypes/Baseliner</iconPath>
    <displayPriority>1000</displayPriority>
    <factionlessGenerationWeight>40</factionlessGenerationWeight>
  </XenotypeDef>

  <XenotypeDef>
    <defName>Dirtmole</defName>
    <label>dirtmole</label>
    <description>With gray skin adapted to artificial light, they thrive in cramped and dark spaces where combat and travel happen over short distances. They are extremely capable at digging or mining tasks. In the open, however, they suffer from a sensitivity to light, slow speed and poor eyesight at distance.\n\nAfter the first tunnel colonies failed due to the stress of confinement, colonization agencies began genetically altering colonists to live without open space or sunlight. This xenotype is known colloquially as the dirtmoles. Today, dirtmoles have expanded out of their original tunnel homes and rule many confined spaces in the anthrosphere. They can be found in deep mines, cramped low-tech spacecraft, and teeming by the billions in the dark underlayers of countless urbworlds.</description>
    <descriptionShort>With gray skin adapted to artificial light, dirtmoles thrive in cramped and dark spaces where combat and travel happen over short distances. They are naturals at digging and navigating complex tunnel structures. In the open, they suffer from a sensitivity to light, slow speed and poor eyesight at distance.</descriptionShort>
    <iconPath>UI/Icons/Xenotypes/Dirtmole</iconPath>
    <inheritable>true</inheritable>
    <nameMaker>NamerPersonDirtmole_Male</nameMaker>
    <nameMakerFemale>NamerPersonDirtmole_Female</nameMakerFemale>
    <chanceToUseNameMaker>1</chanceToUseNameMaker>
    <genes>
      <li>Eyes_Gray</li>
      <li>Skin_LightGray</li>
      <li>AptitudeRemarkable_Mining</li>
      <li>DarkVision</li>
      <li>MeleeDamage_Strong</li>
      <li>WoundHealing_Fast</li>
      <li>Nearsighted</li>
      <li>UVSensitivity_Intense</li>
      <li>MoveSpeed_Slow</li>
      <li>CaveDweller</li>
    </genes>
  </XenotypeDef>

  <XenotypeDef>
    <defName>Genie</defName>
    <label>genie</label>
    <description>Designed to be engineers, genies' delicate bones and natural aptitude with machines allow them to manipulate devices with remarkable precision. They are emotionally cold and can follow orders where others might panic. However, they are fragile, and their amplified nerve impulses make them easy to debilitate with relatively little pain. With so much of their brains dedicated to analyzing machines, they lack the neural hardware to analyze emotions, so they sometimes come off as socially inept. Their dead calm makes it even harder for them to relate to what they see as madly-hotheaded baseliner humans.\n\nGenies were engineered thousands of years ago by a long-disbanded space navy to hold engineering positions on large starships. Today, genies still serve as engineers in great cities and fleets, but many can also be found working as lawyers, pilots, and musicians.</description>
    <descriptionShort>Designed to be engineers, genies have natural aptitude with machines, and are emotionally cold and calm. They are also fragile and vulnerable to pain. Focused on machines, they often come off as socially inept.</descriptionShort>
    <iconPath>UI/Icons/Xenotypes/Genie</iconPath>
    <genes>
      <li>Hair_BaldOnly</li>
      <li>Beard_NoBeardOnly</li>
      <li>Body_Thin</li>
      <li>ElongatedFingers</li>
      <li>AptitudeRemarkable_Intellectual</li>
      <li>AptitudeRemarkable_Crafting</li>
      <li>AptitudeTerrible_Social</li>
      <li>AptitudePoor_Animals</li>
      <li>AptitudePoor_Plants</li>
      <li>Pain_Extra</li>
      <li>Delicate</li>
      <li>Aggression_DeadCalm</li>
    </genes>
  </XenotypeDef>

  <XenotypeDef>
    <defName>Hussar</defName>
    <label>hussar</label>
    <description>Hussars are engineered soldiers. They fight aggressively and with precision, heal fast, thrive in extreme temperatures, and freely ingest military drugs. They have a genetic dependence on go-juice, which also makes them less likely to rebel against their commanders.\n\nWhile hussars' emotions make them dangerous in combat, they can't relate to baseliner humans. They are famous for their blood-red eyes and "hussar stare", a dead expression that unsettles many people. Their lack of expression and burning aggressive nature has led to many violent misunderstandings.\n\nIn most societies where they live, hussars are kept separated from the rest of the population. Hussars are single-purpose tools - and they generally aren't bothered by the fact.</description>
    <descriptionShort>Hussars are engineered soldiers. They fight aggressively and with precision, heal fast, thrive in extreme temperatures, and freely ingest military drugs. They have a genetic dependence on go-juice.</descriptionShort>
    <iconPath>UI/Icons/Xenotypes/Hussar</iconPath>
    <combatPowerFactor>1.5</combatPowerFactor>
    <genes>
      <li>Hair_ShortOnly</li>
      <li>Body_Standard</li>
      <li>Eyes_Red</li>
      <li>Body_Hulk</li>
      <li>WoundHealing_SuperFast</li>
      <li>Pain_Reduced</li>
      <li>Unstoppable</li>
      <li>MaxTemp_SmallIncrease</li>
      <li>MinTemp_SmallDecrease</li>
      <li>AptitudeRemarkable_Shooting</li>
      <li>AptitudeRemarkable_Melee</li>
      <li>ToxicEnvironmentResistance_Partial</li>
      <li>Aggression_HyperAggressive</li>
      <li>PsychicAbility_Deaf</li>
      <li>AptitudeTerrible_Plants</li>
      <li>AptitudeTerrible_Animals</li>
      <li>AptitudeTerrible_Social</li>
      <li>AptitudeTerrible_Artistic</li>
      <li>ChemicalDependency_GoJuice</li>
    </genes>
  </XenotypeDef>

  <XenotypeDef>
    <defName>Sanguophage</defName>
    <label>sanguophage</label>
    <description>Sanguophages are a type of archotech-enhanced xenohuman. Powered by archites, their abilities go far beyond normal genetic enhancements. They are mentally adept and preternaturally beautiful. In combat, they can launch deadly spines and heal injured friends. They don't age or die naturally and never suffer from disease or poison. A sanguophage can make a new sanguophage by reimplanting their own xenogerm into a person.\n\nSanguophages must regularly consume hemogen derived from human blood, and they must periodically deathrest for long periods. They're easily destroyed by fire, and slowed down by UV light.\n\nThe first sanguophage appeared thousands of years ago when the lord-explorer Varan-Dur sought to control a hyperintelligent archotech and found himself transformed by it instead. Every sanguophage is descended from him. Since then, sanguophages have often been hunted because of their destabilizing power and their need for blood. Since they can pass for baseliners, many live in hiding among typical humans.\n\nTheir numbers are unknown. Some think they are legends or rare irrelevancies. Some believe sanguophages secretly direct entire human civilizations. The stories speak of eternal lords ruling billions from slate-black space stations, or directing blood sacrifices at conferences in the underlayers of the deepest urbworlds.</description>
    <descriptionShort>Sanguophages are ageless, deathless super-humans powered by archotech-created archites in the bloodstream. They are beautiful and extremely intelligent. They can heal any injury, and never suffer from disease or poison. In combat, they can launch deadly spines and heal injured friends. The price is that sanguophages must consume hemogen derived from human blood to survive, and they must periodically deathrest for long periods. They're easily destroyed by fire, and slowed down by UV light.</descriptionShort>
    <iconPath>UI/Icons/Xenotypes/Sanguophage</iconPath>
    <soundDefOnImplant>PawnBecameSanguophage</soundDefOnImplant>
    <generateWithXenogermReplicatingHediffChance>0.5</generateWithXenogermReplicatingHediffChance>
    <xenogermReplicatingDurationLeftDaysRange>0.1~140</xenogermReplicatingDurationLeftDaysRange>
    <combatPowerFactor>2.5</combatPowerFactor>
    <displayPriority>-1000</displayPriority>
    <factionlessGenerationWeight>0</factionlessGenerationWeight>
    <doubleXenotypeChances>
      <Pigskin>0.02</Pigskin>
      <Impid>0.02</Impid>
      <Yttakin>0.02</Yttakin>
      <Neanderthal>0.02</Neanderthal>
      <Waster>0.02</Waster>
      <Dirtmole>0.02</Dirtmole>
    </doubleXenotypeChances>
    <genes>
      <li>Hemogenic</li>
      <li>HemogenDrain</li>
      <li>Bloodfeeder</li>
      <li>Coagulate</li>
      <li>XenogermReimplanter</li>
      <li>LongjumpLegs</li>
      <li>Ageless</li>
      <li>Deathless</li>
      <li>Deathrest</li>
      <li>PiercingSpine</li>
      <li>PsychicAbility_Enhanced</li>
      <li>LowSleep</li>
      <li>Beauty_Pretty</li>
      <li>MoveSpeed_Quick</li>
      <li>MeleeDamage_Strong</li>
      <li>DarkVision</li>
      <li>TotalHealing</li>
      <li>PerfectImmunity</li>
      <li>DiseaseFree</li>
      <li>ToxResist_Total</li>
      <li>WoundHealing_SuperFast</li>
      <li>AptitudeStrong_Melee</li>
      <li>AptitudeStrong_Social</li>
      <li>AptitudeStrong_Intellectual</li>
      <li>UVSensitivity_Mild</li>
      <li>FireWeakness</li>
      <li>FireTerror</li>
      <li>ArchiteMetabolism</li>
      <li>Aggression_Aggressive</li>
      <li>Robust</li>
    </genes>
  </XenotypeDef>

  <XenotypeDef>
    <defName>Neanderthal</defName>
    <label>neanderthal</label>
    <description>Neanderthals are stocky, powerfully-built humanoids. Their most salient characteristic is that they are difficult to hurt: They are very resistant to injury, and their strong immune systems protect them from infection. However, without ever having evolved in a complex civilization, they are less adept than baseliner humans at intellectual and social tasks, and their impulsiveness can make them dangerously aggressive.\n\nHomo neanderthalensis was originally an archaic population of hominids that emerged over 200,000 years ago during the Pleistocene epoch. After they were replaced by and merged with humans 30,000 years ago, they were absent for tens of thousands of years until scientists resurrected them from ancient DNA. Neanderthals now survive in sub-societies on some settled planets. On the rimworlds, neanderthal tribes carve out the same existence as their Earth ancestors did so long ago.</description>
    <descriptionShort>Neanderthals are stocky, powerfully-built humanoids. They are hardy and difficult to injure, and their strong immune systems protect them from infection. However, their minds are less adept at intellectual and social tasks, and their impulsiveness can make them dangerously aggressive.</descriptionShort>
    <iconPath>UI/Icons/Xenotypes/Neanderthal</iconPath>
    <inheritable>true</inheritable>
    <combatPowerFactor>1.6</combatPowerFactor>
    <genes>
      <li>Body_Standard</li>
      <li>Body_Fat</li>
      <li>Body_Hulk</li>
      <li>Jaw_Heavy</li>
      <li>Brow_Heavy</li>
      <li>MeleeDamage_Strong</li>
      <li>Robust</li>
      <li>Immunity_Strong</li>
      <li>Aggression_Aggressive</li>
      <li>AptitudePoor_Intellectual</li>
      <li>AptitudePoor_Social</li>
      <li>Learning_Slow</li>
      <li>MoveSpeed_Slow</li>
      <li>Pain_Reduced</li>
      <li>MinTemp_SmallDecrease</li>
      <li>MaxTemp_SmallIncrease</li>
      <li>AptitudePoor_Shooting</li>
    </genes>
  </XenotypeDef>

  <XenotypeDef>
    <defName>Pigskin</defName>
    <label>pigskin</label>
    <description>Pigskins are human-pig hybrids which are capable of two-legged movement, tool use, and speech, but which also retain many pig-like qualities. They are hardy and can eat almost anything without getting sick, but their trotter-shaped hands leave them at a disadvantage when attempting to precisely manipulate tools and objects. They don't see well at a distance, so pigskin gangs usually focus on close-range weapons. They also have a strong taste for explosives.\n\nPigskins were made for their organs. Uncomfortable with the idea of harvesting organs from baseliner humans, a long-gone government merged human DNA into pigs to make the animals produce more easily-transplantable hearts and lungs. They succeeded, but the resulting creatures became more humanlike than anyone anticipated.</description>
    <descriptionShort>Pigskins are human-pig hybrids. They are hardy and can eat almost anything without getting sick, but their trotter-shaped hands are bad at fine manipulation. They don't see well at a distance, so they usually focus on close-range weapons. They have a strong taste for explosives.</descriptionShort>
    <iconPath>UI/Icons/Xenotypes/Pigskin</iconPath>
    <inheritable>true</inheritable>
    <nameMaker>NamerPersonPigskin</nameMaker>
    <chanceToUseNameMaker>1</chanceToUseNameMaker>
    <genes>
      <li>Nose_Pig</li>
      <li>Ears_Pig</li>
      <li>Body_Fat</li>
      <li>Body_Hulk</li>
      <li>Hands_Pig</li>
      <li>VoicePig</li>
      <li>Pain_Reduced</li>
      <li>Immunity_Strong</li>
      <li>StrongStomach</li>
      <li>RobustDigestion</li>
      <li>Nearsighted</li>
      <li>AptitudePoor_Cooking</li>
    </genes>
    <forbiddenWeaponClasses>
      <li>LongShots</li>
    </forbiddenWeaponClasses>
  </XenotypeDef>

  <XenotypeDef>
    <defName>Impid</defName>
    <label>impid</label>
    <description>Made for desert life, impid cultures live on many rimworlds and dry deathworlds. Impids are extremely fast-moving, easily tolerate high temperatures, and can spew fire from their mouths. Though they are masters on the sand, impids struggle in other environments. They are terrible with farming. They fight well at range, but in close combat their physical weakness becomes apparent.\n\nOutlanders call them dustrunners because of their speed over open terrain and resistance to heat. Some tribes call them devils because of their horns and because they burn their enemies. Impid tribes' combat tactics usually center on rapid-approach incendiary attacks using both handheld fire weapons and their fire spew ability.</description>
    <descriptionShort>Made for desert life, impids are very fast, can spew fire from their mouths, and easily tolerate high temperatures. They fight well at range, but in close combat they do little damage. They are terrible with farming, and have weak immune systems.</descriptionShort>
    <iconPath>UI/Icons/Xenotypes/Impid</iconPath>
    <inheritable>true</inheritable>
    <combatPowerFactor>1.2</combatPowerFactor>
    <nameMaker>NamerPersonImpid</nameMaker>
    <chanceToUseNameMaker>1</chanceToUseNameMaker>
    <genes>
      <li>Skin_PaleYellow</li>
      <li>Skin_Orange</li>
      <li>Skin_DeepRed</li>
      <li>Hair_LightOrange</li>
      <li>Hair_SandyBlonde</li>
      <li>Beard_NoBeardOnly</li>
      <li>Headbone_MiniHorns</li>
      <li>FireSpew</li>
      <li>MoveSpeed_VeryQuick</li>
      <li>FireResistant</li>
      <li>MaxTemp_LargeIncrease</li>
      <li>MinTemp_SmallIncrease</li>
      <li>Immunity_Weak</li>
      <li>WoundHealing_Slow</li>
      <li>AptitudePoor_Plants</li>
      <li>AptitudePoor_Animals</li>
      <li>MeleeDamage_Weak</li>
      <li>Mood_Pessimist</li>
    </genes>
  </XenotypeDef>

  <XenotypeDef>
    <defName>Waster</defName>
    <label>waster</label>
    <description>Wasters are aggressive, immune to toxic pollution, almost impervious to disease, and can ingest as much psychite and wake-up drugs as they wish with no ill effects. Their toxin-adapted metabolism means they must consume some form of psychite - usually flake or yayo.\n\nOriginally engineered to prevent resettlement of post-apocalyptic deathworlds, wasters are living area-denial weapons. Waster pirates armed with toxic weapons are the bane of many frontier peoples, both on the rimworlds and in the depths of the urbworld hyperstructures.</description>
    <descriptionShort>Wasters are aggressive, immune to toxic pollution, almost impervious to disease, and can ingest as much psychite and wake-up drugs as they wish with no ill effects. Their toxin-adapted metabolism means they must consume some form of psychite - usually flake or yayo.</descriptionShort>
    <iconPath>UI/Icons/Xenotypes/Waster</iconPath>
    <inheritable>true</inheritable>
    <nameMaker>NamerPersonWaster</nameMaker>
    <chanceToUseNameMaker>0.75</chanceToUseNameMaker>
    <genes>
      <li>Skin_SlateGray</li>
      <li>Hair_Gray</li>
      <li>Head_Gaunt</li>
      <li>AddictionImmune_WakeUp</li>
      <li>ToxicEnvironmentResistance_Total</li>
      <li>Aggression_Aggressive</li>
      <li>AptitudePoor_Artistic</li>
      <li>AptitudeTerrible_Animals</li>
      <li>AptitudePoor_Cooking</li>
      <li>ChemicalDependency_Psychite</li>
      <li>Beauty_Ugly</li>
      <li>Immunity_SuperStrong</li>
      <li>PollutionRush</li>
    </genes>
  </XenotypeDef>

  <XenotypeDef>
    <defName>Yttakin</defName>
    <label>yttakin</label>
    <description>Yttakin descend from colonists engineered to thrive on ultra-cold planets. Their great size and fur make them hardy in frozen environments. Yttakin share a psychic connection with the wildlife and can summon animals to their side during battles. They are not fast or energetic or precise, but can keep going when others would have collapsed long before.\n\nSince they migrated off their icy birthworld of Yttak, Yttakin settlements live on many planets. Their fur, roaring voices, and aversion to urban living sometimes leads naive outsiders to believe they are simple-minded animals. Quick-minded Yttakin are happy to make good use of such wrong beliefs, whether at the negotiating table or on the battlefield.</description>
    <descriptionShort>Yttakin descend from colonists engineered to thrive on ultra-cold planets. Their great size and fur make them hardy in frozen environments, and they have a unique ability to communicate vocally and psychically with animals. They are not fast or energetic or precise, but can keep going when others would have collapsed long before.</descriptionShort>
    <iconPath>UI/Icons/Xenotypes/Yttakin</iconPath>
    <inheritable>true</inheritable>
    <combatPowerFactor>1.3</combatPowerFactor>
    <nameMaker>NamerPersonYttakin</nameMaker>
    <chanceToUseNameMaker>1</chanceToUseNameMaker>
    <genes>
      <li>Body_Hulk</li>
      <li>VoiceRoar</li>
      <li>Furskin</li>
      <li>Hair_BaldOnly</li>
      <li>Tail_Furry</li>
      <li>Beard_Always</li>
      <li>AnimalWarcall</li>
      <li>Robust</li>
      <li>AptitudeRemarkable_Animals</li>
      <li>MeleeDamage_Strong</li>
      <li>Sleepy</li>
      <li>PsychicAbility_Dull</li>
      <li>NakedSpeed</li>
      <li>WoundHealing_Slow</li>
      <li>Aggression_Aggressive</li>
      <li>AptitudeTerrible_Mining</li>
    </genes>
  </XenotypeDef>

  <XenotypeDef>
    <defName>Highmate</defName>
    <label>highmate</label>
    <description>Designed companions and concubines with a unique ability to psychically bond with a mate, highmates are empathic, beautiful, cheerful, and talented in social matters. They are also inept at manual tasks, physically weak, and mentally incapable of violence.\n\nOn a few wealthy worlds, highmate xenogerms are commercially available and some people become highmates as a sort of career. However, many societies find them abhorrent, either because they distract people from forming natural families, or because they are humans shaped to serve the pleasures of another. On such worlds they are either reserved as playthings of the powerful, or banned entirely. This particular line of highmate fits the fashions of classical Novaroma, but many other variants exist.</description>
    <descriptionShort>Designed companions and concubines with a unique ability to psychically bond with a mate, highmates are empathic, beautiful, cheerful, and talented in social matters. They are also inept at manual tasks, physically weak, and mentally incapable of violence.</descriptionShort>
    <iconPath>UI/Icons/Xenotypes/Highmate</iconPath>
    <combatPowerFactor>0.8</combatPowerFactor>
    <canGenerateAsCombatant>false</canGenerateAsCombatant>
    <genes>
      <li>Body_Thin</li>
      <li>Body_Standard</li>
      <li>Skin_SheerWhite</li>
      <li>Skin_Blue</li>
      <li>Skin_Purple</li>
      <li>Hair_Grayless</li>
      <li>Hair_SnowWhite</li>
      <li>Hair_LongOnly</li>
      <li>Beauty_Beautiful</li>
      <li>PsychicAbility_Enhanced</li>
      <li>ViolenceDisabled</li>
      <li>KindInstinct</li>
      <li>Delicate</li>
      <li>AptitudeTerrible_Mining</li>
      <li>AptitudeTerrible_Plants</li>
      <li>AptitudeRemarkable_Social</li>
      <li>Mood_Sanguine</li>
      <li>MaxTemp_SmallDecrease</li>
      <li>Libido_High</li>
      <li>PsychicBonding</li>
    </genes>
  </XenotypeDef>

</Defs>