<?xml version="1.0" encoding="utf-8" ?>
<Defs>
  
  <CreepJoinerBenefitDef>
    <defName>PerfectHuman</defName>
    <label>perfect human</label>
    <letterExtra>{PAWN_nameDef} is skilled in everything to an unnatural degree. Regardless of the subject, {PAWN_pronoun} has mastered it. In addition, {PAWN_possessive} work ethic is remarkable. {PAWN_pronoun} appears to be the perfect worker.</letterExtra>
    <skills>
      <Shooting>14~18</Shooting>
      <Melee>14~18</Melee>
      <Construction>14~18</Construction>
      <Mining>14~18</Mining>
      <Cooking>14~18</Cooking>
      <Plants>14~18</Plants>
      <Animals>14~18</Animals>
      <Crafting>14~18</Crafting>
      <Artistic>14~18</Artistic>
      <Medicine>14~18</Medicine>
      <Social>14~18</Social>
      <Intellectual>14~18</Intellectual>
    </skills>
    <traits>
      <PerfectMemory/>
      <Industriousness>2</Industriousness>
    </traits>
  </CreepJoinerBenefitDef>
  
  <CreepJoinerBenefitDef>
    <defName>Occultist</defName>
    <label>occultist</label>
    <letterExtra>{PAWN_pronoun} is deeply knowledgeable of all things related to the void. {PAWN_pronoun} can study unnatural phenomena faster than others and will also teach others when {PAWN_pronoun} gets the chance.</letterExtra>
    <traits>
      <Occultist/>
    </traits>
  </CreepJoinerBenefitDef>
  
  <CreepJoinerBenefitDef>
    <defName>UnnaturalHealing</defName>
    <label>unnatural healing</label>
    <weight>0.5</weight>
    <letterExtra>{PAWN_pronoun} offers to use {PAWN_possessive} healing power to help you.</letterExtra>
    <abilities>
      <li>UnnaturalHealing</li>
    </abilities>
  </CreepJoinerBenefitDef>
  
  <CreepJoinerBenefitDef>
    <defName>ShamblerOverlord</defName>
    <label>shambler overlord</label>
    <letterExtra>{PAWN_nameDef}'s body is riddled with corrupt archites. {PAWN_pronoun} can release them at will, creating a cloud of deadlife dust which can reanimate nearby corpses.</letterExtra>
    <abilities>
      <li>ReleaseDeadlifeDust</li>
    </abilities>
  </CreepJoinerBenefitDef>
  
  <CreepJoinerBenefitDef>
    <defName>Fleshcrafter</defName>
    <label>fleshcrafter</label>
    <letterExtra>{PAWN_nameDef} claims to be gifted with the dark art of animating dead flesh. {PAWN_pronoun} can turn corpses into hideous fleshbeasts.</letterExtra>
    <abilities>
      <li>ShapeFlesh</li>
    </abilities>
  </CreepJoinerBenefitDef>
  
  <CreepJoinerBenefitDef>
    <defName>Alchemist</defName>
    <label>alchemist</label>
    <letterExtra>{PAWN_nameDef} claims an extensive knowledge of alchemical practice. {PAWN_pronoun} can, using unknown archotechnological influence, transmute steel into various valuable resources.</letterExtra>
    <abilities>
      <li>TransmuteSteel</li>
    </abilities>
  </CreepJoinerBenefitDef>
  
  <CreepJoinerBenefitDef>
    <defName>Joybringer</defName>
    <label>joybringer</label>
    <letterExtra>{PAWN_nameDef} is a bringer of joy and serenity whose abilities go beyond mere charisma. {PAWN_pronoun} lifts spirits and inspires others by telling jokes and spreading blissful thoughts.</letterExtra>
    <traits>
      <Joyous/>
    </traits>
    <excludes>
      <li>Disturbing</li>
    </excludes>
  </CreepJoinerBenefitDef>

  <CreepJoinerBenefitDef>
    <defName>DeathRefusal</defName>
    <label>death refusal</label>
    <letterExtra>As the former subject of a cultist ritual, {PAWN_nameDef} has the ability to defy death. Black archotechnology courses throughout {PAWN_possessive} body, allowing {PAWN_objective} to self-resurrect. When {PAWN_pronoun} does, {PAWN_possessive} flesh rapidly reforms, replacing missing organs and healing wounds. The process is, however, imperfect.</letterExtra>
    <hediffs>
      <li>DeathRefusalCreepJoiner</li>
    </hediffs>
  </CreepJoinerBenefitDef>

  <CreepJoinerBenefitDef>
    <defName>BodyMastery</defName>
    <label>body mastery</label>
    <letterExtra>{PAWN_nameDef}'s eyes are pure white. Using local folk knowledge, {PAWN_pronoun} has mastered {PAWN_possessive} metabolic and circadian rhythms. At least, that's what {PAWN_pronoun} claims. {PAWN_nameDef} never sleeps and doesn't need to eat, though in {PAWN_possessive} eyes you see a primal hunger.</letterExtra>
    <traits>
      <BodyMastery/>
    </traits>
  </CreepJoinerBenefitDef>

  <CreepJoinerBenefitDef>
    <defName>PsychicButcher</defName>
    <label>psychic butcher</label>
    <letterExtra>Animals are skittish around {PAWN_nameDef}. {PAWN_pronoun} has the unnatural power to deform the flesh of living creatures, causing them to erupt into piles of twisted meat. {PAWN_nameDef} claims to use {PAWN_possessive} gift only to butcher animals - but it's clear {PAWN_pronoun} could just as easily butcher a person.</letterExtra>
    <abilities>
      <li>PsychicSlaughter</li>
    </abilities>
  </CreepJoinerBenefitDef>
  
</Defs>