<?xml version="1.0" encoding="utf-8" ?>
<Defs>
  
  <ComplexLayoutDef>
    <defName>AncientComplex_Mechanitor_Loot</defName>
    <workerClass>LayoutWorkerComplex_Mechanitor</workerClass>
    <roomRewardCrateFactor>0</roomRewardCrateFactor>
    <minRoomWidth>7</minRoomWidth>
    <minRoomHeight>7</minRoomHeight>
    <clearDoorFaction>false</clearDoorFaction>
    <corridorDef>ComplexCorridor</corridorDef>
    <canDisconnectRooms>false</canDisconnectRooms>
    <areaPrunePercent>0.1</areaPrunePercent>
    <roomDefs>
      <AncientRechargeRoom>
        <weight>1</weight>
      </AncientRechargeRoom>
      <AncientMechGestatorRoom>
        <weight>1</weight>
      </AncientMechGestatorRoom>
      <AncientMechGeneratorRoom>
        <weight>1</weight>
      </AncientMechGeneratorRoom>
      <AncientBandNodeRoom>
        <weight>2</weight>
        <countRange>0~2</countRange>
      </AncientBandNodeRoom>
    </roomDefs>
    <threats>
      <SleepingMechanoids />
      <MechDrop />
      <FuelNode MayRequire="Ludeon.RimWorld.Ideology">
        <maxPerRoom>1</maxPerRoom>
        <selectionWeight>3</selectionWeight>
      </FuelNode>
      <RaidTerminal MayRequire="Ludeon.RimWorld.Ideology">
        <maxPerComplex>1</maxPerComplex>
        <chancePerComplex>0.5</chancePerComplex>
      </RaidTerminal>
    </threats>
  </ComplexLayoutDef>
  
</Defs>