﻿<?xml version="1.0" encoding="utf-8"?>
<Defs>
  <QuestScriptDef>
    <defName>RefugeePodCrash_Ghoul</defName>
    <autoAccept>true</autoAccept>
    <defaultHidden>true</defaultHidden>
    <isRootSpecial>true</isRootSpecial>
    <questNameRules>
      <rulesStrings>
        <li>questName->Transport pod crash</li>
      </rulesStrings>
    </questNameRules>
    <questDescriptionRules>
      <rulesStrings>
        <li>questDescription->A transport pod crashes with a ghoul</li>
      </rulesStrings>
    </questDescriptionRules>
    <everAcceptableInSpace>true</everAcceptableInSpace> <!-- Handled by quest part -->
    <root Class="QuestNode_Root_RefugeePodCrash_Ghoul" />
  </QuestScriptDef>
</Defs>