<?xml version="1.0" encoding="utf-8" ?>
<Defs>

  <QuestScriptDef>
    <defName>UnnaturalDarkness</defName>
    <autoAccept>true</autoAccept>
    <defaultHidden>true</defaultHidden>
    <isRootSpecial>true</isRootSpecial>
    <questNameRules>
      <rulesStrings>
        <li>questDescription->unnatural darkness</li> <!-- hidden -->
      </rulesStrings>
    </questNameRules>
    <questDescriptionRules>
      <rulesStrings>
        <li>questDescription-></li> <!-- hidden -->
      </rulesStrings>
    </questDescriptionRules>
    <questContentRules>
      <rulesStrings>
        <li>initialPhaseLetterLabel->Dimming sky</li>
        <li>initialPhaseLetterText->The sky is dimming. Soon it will be hard to see anything that isn't directly lit by lamps or torches.\n\nBuild well-lit areas to survive. Craft disruptor flare packs to explore the darkness.</li>
        <li>mainPhaseLetterLabel->Unnatural darkness</li>
        <li>mainPhaseLetterText->An unnatural darkness is descending. Inhuman things move just outside the light.\n\nPillars of jagged, oily metal are falling from the sky. They are terrible to look upon but surely contain valuable technology. Reach them by building well-lit paths - and destroy them to end this nightmare.\n\nAlternatively, if you can survive long enough, the darkness will dissipate on its own.</li>

        <li>darknessLiftedLetterLabel->Darkness lifting</li>
        <li>darknessLiftedLetterText->The unnatural darkness has begun to dissipate. The metallic pillars have somehow folded into themselves and vanished. You survived!</li>
      </rulesStrings>
    </questContentRules>
    <root Class="QuestNode_Root_UnnaturalDarkness" />
  </QuestScriptDef>

</Defs>