﻿<?xml version="1.0" encoding="utf-8" ?>
<Defs>

  <KnowledgeCategoryDef>
    <defName>Basic</defName>
    <label>basic</label>
    <color>(1, 1, 1, 1)</color>
    <texPath>UI/AnomalyResearchCategoryMarkers/AnomalyResearchCategory_Basic</texPath>
  </KnowledgeCategoryDef>

  <KnowledgeCategoryDef>
    <defName>Advanced</defName>
    <label>advanced</label>
    <color>(1, 1, 1, 1)</color>
    <texPath>UI/AnomalyResearchCategoryMarkers/AnomalyResearchCategory_Advanced</texPath>
    <overflowCategory>Basic</overflowCategory>
  </KnowledgeCategoryDef>

</Defs>
