<?xml version="1.0" encoding="utf-8"?>

<Defs>
  
  <AnimationDef>
    <defName>UnnaturalCorpseAwokenKilling</defName>
    <durationTicks>6</durationTicks>
    <keyframeParts>
      <li>
        <key>Head</key>
        <value>
          <workerType>AnimationWorker_UnnaturalCorpseAwokenKilling</workerType>
          <keyframes>
            <li>
              <tick>0</tick>
              <offset>(0.02,0,0)</offset>
            </li>
            <li>
              <tick>3</tick>
              <offset>(-0.02,0,0)</offset>
            </li>
            <li>
              <tick>6</tick>
              <offset>(0.02,0,0)</offset>
            </li>
          </keyframes>
        </value>
      </li>
    </keyframeParts>
  </AnimationDef>
  
</Defs>