﻿<?xml version="1.0" encoding="utf-8" ?>
<Defs>

  <PrefabDef>
    <defName>AncientLargeMechGestator</defName>
    <size>(4,3)</size>
    <things>
      <AncientLargeMechGestator>
        <position>(1, 0, 1)</position>
      </AncientLargeMechGestator>
    </things>
  </PrefabDef>

  <PrefabDef>
    <defName>AncientMechGestator_Cluster</defName>
    <rotations>North</rotations>
    <size>(8,4)</size>
    <things>
      <AncientMechGestator>
        <positions>
          <li>(1, 0, 2)</li>
          <li>(5, 0, 2)</li>
        </positions>
        <relativeRotation>Opposite</relativeRotation>
      </AncientMechGestator>
    </things>
  </PrefabDef>

  <PrefabDef>
    <defName>AncientBandNode_Cluster</defName>
    <rotations>North</rotations>
    <size>(5,4)</size>
    <things>
      <AncientBandNode>
        <chance>0.75</chance>
        <positions>
          <li>(0, 0, 0)</li>
          <li>(3, 0, 0)</li>
          <li>(0, 0, 2)</li>
          <li>(3, 0, 2)</li>
        </positions>
      </AncientBandNode>
    </things>
  </PrefabDef>

  <PrefabDef>
    <defName>AncientBasicRecharger_Edge</defName>
    <edgeOnly>true</edgeOnly>
    <size>(3,1)</size>
    <things>
      <AncientBasicRecharger>
        <position>(1, 0, 0)</position>
        <relativeRotation>Opposite</relativeRotation>
      </AncientBasicRecharger>
    </things>
  </PrefabDef>

  <PrefabDef>
    <defName>AncientStandardRecharger</defName>
    <size>(3,2)</size>
    <things>
      <AncientStandardRecharger>
        <position>(1, 0, 0)</position>
      </AncientStandardRecharger>
    </things>
  </PrefabDef>

</Defs>
