<?xml version="1.0" encoding="utf-8" ?>
<Defs>

  <BodyPartGroupDef>
    <defName>RightFleshClub</defName>
    <label>right flesh club</label>
    <labelShort>flesh club</labelShort>
  </BodyPartGroupDef>
  
  <BodyPartGroupDef>
    <defName>LeftFleshClub</defName>
    <label>left flesh club</label>
    <labelShort>flesh club</labelShort>
  </BodyPartGroupDef>

  <BodyPartGroupDef>
    <defName>LeftFin</defName>
    <label>left fin</label>
    <labelShort>fin</labelShort>
  </BodyPartGroupDef>

  <BodyPartGroupDef>
    <defName>RightFin</defName>
    <label>right fin</label>
    <labelShort>fin</labelShort>
  </BodyPartGroupDef>
  
</Defs>