﻿<?xml version="1.0" encoding="utf-8"?>
<Defs>
  <TaleDef>
    <defName>DeathPall</defName>
    <label>death pall</label>
    <taleClass>Tale_SinglePawn</taleClass>
    <type>Volatile</type>
    <baseInterest>50</baseInterest>
    <rulePack>
      <rulesStrings>
        <li>tale_noun->[PAWN_nameDef] facing the encroaching death pall</li>
        <li>image->[PAWN_nameFull] gazing in horror as the death pall blankets the land, resurrecting the dead [circumstance_group]</li>
        <li>image->[PAWN_nameFull] clutching [PAWN_possessive] weapon tightly, as the death pall descends, raising the dead [circumstance_group]</li>
        <li>image->[PAWN_nameFull] trembling with unease, witnessing the arrival of the death pall, its influence giving life to the lifeless [circumstance_group]</li>
        <li>image->[PAWN_nameFull] watching in horror as the death pall envelops [PAWN_possessive] peaceful home, turning it into a battleground against the dead [circumstance_group]</li>
        <li>circumstance_phrase->and drowning out [PAWN_possessive] desperate prayers for safety</li>
        <li>circumstance_phrase->with the scent of decay and despair filling the air</li>
        <li>circumstance_phrase->and trapping [PAWN_objective] in a horde of shamblers</li>
        <li>desc_sentence->In the centre of the death pall, [PAWN_nameDef] prepares for battle.</li>
        <li>desc_sentence->The encroachment of the death pall fills [PAWN_nameDef]'s friends with terror.</li>
        <li>desc_sentence->Shivers run down [PAWN_nameDef]'s spine as the death pall's influence continues to spread.</li>
        <li>desc_sentence->The weight of despair settles upon [PAWN_nameDef], testing [PAWN_possessive] resolve in the face of the macabre.</li>
      </rulesStrings>
    </rulePack>
  </TaleDef>
  
  <TaleDef>
    <defName>UnnaturalDarkness</defName>
    <label>unnatural darkness</label>
    <taleClass>Tale_SinglePawn</taleClass>
    <type>Volatile</type>
    <baseInterest>50</baseInterest>
    <rulePack>
      <rulesStrings>
        <li>tale_noun->[PAWN_nameDef] confronts the unnatural darkness</li>
        <li>image->[PAWN_nameFull] standing in awe as the world is consumed by an impenetrable darkness [circumstance_group]</li>
        <li>image->[PAWN_nameFull] surrounded by black pillars falling from the sky which blanket the land in darkness [circumstance_group]</li>
        <li>image->[PAWN_nameFull] struggling to find [PAWN_possessive] way through the suffocating darkness, noctols hounding at [PAWN_possessive] heels, [circumstance_group]</li>
        <li>image->[PAWN_nameFull] watching the world get swallowed by an abyss of shadows [circumstance_group]</li>
        <li>circumstance_phrase->amidst by [PAWN_possessive] friends' desperate attempts to return to the safety of the light</li>
        <li>circumstance_phrase->with piercing screams echoing all around</li>
        <li>circumstance_phrase->the light seemingly barely able to hold it back</li>
        <li>circumstance_phrase->as [PAWN_pronoun] offers pleas for salvation</li>
        <li>desc_sentence->Not even the faintest flickering of lights in the distance is visible.</li>
        <li>desc_sentence->The situation seems utterly hopeless.</li>
        <li>desc_sentence->Groups of shadowy creatures are visible at the edge of the darkness.</li>
        <li>desc_sentence->[PAWN_nameDef] tries to find a glimmer of hope amidst the encroaching darkness.</li>
      </rulesStrings>
    </rulePack>

  </TaleDef>
</Defs>