﻿<?xml version="1.0" encoding="utf-8"?>
<Defs>
  
  <TaleDef>
    <defName>HealedMe</defName>
    <label>healed me</label>
    <taleClass>Tale_DoublePawn</taleClass>
    <type>Expirable</type>
    <firstPawnSymbol>HEALER</firstPawnSymbol>
    <secondPawnSymbol>HEALED</secondPawnSymbol>
    <usableForArt>false</usableForArt>
    <maxPerPawn>1</maxPerPawn>
    <expireDays>8</expireDays>
  </TaleDef>
  
  <TaleDef>
    <defName>MutatedMyArm</defName>
    <label>mutated my arm</label>
    <taleClass>Tale_DoublePawn</taleClass>
    <type>Expirable</type>
    <firstPawnSymbol>HEALER</firstPawnSymbol>
    <secondPawnSymbol>VICTIM</secondPawnSymbol>
    <usableForArt>false</usableForArt>
    <maxPerPawn>2</maxPerPawn>
    <expireDays>60</expireDays>
  </TaleDef>

  <TaleDef>
    <defName>StudiedEntity</defName>
    <label>studied an entity</label>
    <taleClass>Tale_DoublePawn</taleClass>
    <type>Volatile</type>
    <baseInterest>3.5</baseInterest>
    <firstPawnSymbol>STUDIER</firstPawnSymbol>
    <secondPawnSymbol>ENTITY</secondPawnSymbol>
    <rulePack>
      <rulesStrings>
        <li>tale_noun->[STUDIER_nameDef] studying [ENTITY_nameIndef]</li> 
        <li>image->[STUDIER_nameFull] carefully examining [ENTITY_nameDef] [circumstance_group]</li> 
        <li>image->[STUDIER_nameFull] conducting experiments, seeking to understand the secrets of [ENTITY_nameDef], [circumstance_group]</li> 
        <li>image->[STUDIER_nameFull] striving to comprehend the nature of [ENTITY_nameDef] [circumstance_group]</li> 
        <li>circumstance_phrase->with barely concealed disgust in [STUDIER_possessive] eyes</li>
        <li>circumstance_phrase->while scribbling in a notebook</li>
        <li>circumstance_phrase->while consulting an ancient tome</li>
        <li>desc_sentence->The steady work of bioferrite harvesters can be seen in the background.</li> 
        <li>desc_sentence->The colonist's deep fascination with [ENTITY_nameDef] is evident.</li> 
        <li>desc_sentence->[STUDIER_nameDef] is completely absorbed in [STUDIER_possessive] study of [ENTITY_nameDef], striving to unlock its secrets.</li> 
        <li>desc_sentence->[ENTITY_nameDef] is only just held in the place by the ceaseless work of electro-inhibitors.</li>
        <li>desc_sentence->[ENTITY_nameDef] does not appear to react to [STUDIER_nameDef]'s efforts.</li>
      </rulesStrings>
    </rulePack>
  </TaleDef>
  
</Defs>