<?xml version="1.0" encoding="utf-8"?>
<Defs>
  <SoundDef>
    <defName>Pawn_HateChanter_Call</defName>
    <context>MapOnly</context>
    <priorityMode>PrioritizeNearest</priorityMode>
    <maxSimultaneous>5</maxSimultaneous>
    <subSounds>
      <li>
        <grains>
          <li Class="AudioGrain_Folder">
            <clipFolderPath>Pawn/HateChanters/Call</clipFolderPath>
          </li>
        </grains>
        <volumeRange>25~35</volumeRange>
        <pitchRange>0.9~1.1</pitchRange>
        <distRange>15~70</distRange>
        <sustainLoop>False</sustainLoop>
      </li>
    </subSounds>
  </SoundDef>
</Defs>