<?xml version="1.0" encoding="utf-8" ?>

<Defs>
  
  <TraitDef>
    <defName>PerfectMemory</defName>
    <commonality>0</commonality>
    <degreeDatas>
      <li>
        <label>perfect memory</label>
        <description>{PAWN_nameDef} has outstanding memory, both in terms of retaining information but also muscle memory. {PAWN_possessive} skills will never decay.</description>
      </li>
    </degreeDatas>
  </TraitDef>
  
  <TraitDef>
    <defName>Occultist</defName>
    <commonality>0</commonality>
    <degreeDatas>
      <li>
        <label>occultist</label>
        <description>{PAWN_nameDef} has deep knowledge of the twisted patterns of dark psychic energy. {PAWN_pronoun} can study unnatural entities faster than others. {PAWN_pronoun} will also periodically teach this inhuman knowledge to others when {PAWN_pronoun} gets the chance.</description>
        <statOffsets>
          <StudyEfficiency>1</StudyEfficiency>
          <EntityStudyRate>0.5</EntityStudyRate>
        </statOffsets>
      </li>
    </degreeDatas>
  </TraitDef>
  
  <TraitDef>
    <defName>Joyous</defName>
    <commonality>0</commonality>
    <degreeDatas>
      <li>
        <label>joyous</label>
        <description>{PAWN_nameDef} has the ability to make everyone feel better and inspire them to be the best version of themselves.</description>
      </li>
    </degreeDatas>
  </TraitDef>

  <TraitDef>
    <defName>BodyMastery</defName>
    <commonality>0</commonality>
    <degreeDatas>
      <li>
        <label>body mastery</label>
        <description>{PAWN_nameDef} doesn't have basic needs like eating, sleeping, or comfort. {PAWN_possessive} body is driven by some unknown mechanism, which has turned {PAWN_possessive} eyes completely white.</description>
        <disablesNeeds>
          <li>Food</li>
          <li>Rest</li>
          <li>Comfort</li>
        </disablesNeeds>
        <renderNodeProperties>
          <li Class="PawnRenderNodeProperties_Eye">
            <texPath>Things/Pawn/Humanlike/HeadAttachments/GrayEyes/Male/GrayEyes_Male</texPath>
            <texPathFemale>Things/Pawn/Humanlike/HeadAttachments/GrayEyes/Female/GrayEyes_Female</texPathFemale>
            <parentTagDef>Head</parentTagDef>
            <anchorTag>RightEye</anchorTag>
            <rotDrawMode>Fresh, Rotting</rotDrawMode>
            <drawSize>0.2</drawSize>
            <side>Right</side>
            <drawData>
              <defaultData>
                <layer>54</layer>
                <offset>(0, 0, -0.25)</offset>
              </defaultData>
            </drawData>
          </li>
          <li Class="PawnRenderNodeProperties_Eye">
            <texPath>Things/Pawn/Humanlike/HeadAttachments/GrayEyes/Male/GrayEyes_Male</texPath>
            <texPathFemale>Things/Pawn/Humanlike/HeadAttachments/GrayEyes/Female/GrayEyes_Female</texPathFemale>
            <parentTagDef>Head</parentTagDef>
            <anchorTag>LeftEye</anchorTag>
            <rotDrawMode>Fresh, Rotting</rotDrawMode>
            <drawSize>0.2</drawSize>
            <side>Left</side>
            <drawData>
              <defaultData>
                <layer>54</layer>
                <offset>(0, 0, -0.25)</offset>
                <flip>true</flip>
              </defaultData>
              <dataWest>
                <flip>false</flip>
              </dataWest>
            </drawData>
          </li>
        </renderNodeProperties>
      </li>
    </degreeDatas>
  </TraitDef>
  
  <TraitDef>
    <defName>Disturbing</defName>
    <commonality>0</commonality>
    <degreeDatas>
      <li>
        <label>disturbing</label>
        <description>{PAWN_nameDef} is a peculiar person who seems fixated on horrendous ideas. Talking to {PAWN_objective} is often upsetting.</description>
        <allowedMeditationFocusTypes>
          <li>Morbid</li>
        </allowedMeditationFocusTypes>
      </li>
    </degreeDatas>
  </TraitDef>

  <TraitDef>
    <defName>VoidFascination</defName>
    <commonality>0</commonality>
    <degreeDatas>
      <li>
        <label>void fascination</label>
        <description>{PAWN_nameDef} is strangely intrigued by unnatural entities and is easily enthralled by them.</description>
        <allowedMeditationFocusTypes><li>Void</li></allowedMeditationFocusTypes>
        <disallowedMeditationFocusTypes><li>Artistic</li></disallowedMeditationFocusTypes>
        <disallowedThoughts>
          <li>ImprisonedWithEntity</li>
          <li>EntityInRoom</li>
        </disallowedThoughts>
        <theOnlyAllowedMentalBreaks>
          <li>EntityLiberator</li>
        </theOnlyAllowedMentalBreaks>
        <randomMentalState>EntityLiberator</randomMentalState>
        <randomMentalStateMtbDaysMoodCurve>
          <points>
            <li>(0, 60)</li>
          </points>
        </randomMentalStateMtbDaysMoodCurve>
      </li>
    </degreeDatas>
  </TraitDef>
  
</Defs>
