<?xml version="1.0" encoding="utf-8" ?>
<Defs>

  <IdeoPresetDef>
    <defName>VoidFollowers</defName>
    <label>void followers</label>
    <description>There is no truth except the void. Let us learn its secrets and bathe in the endless black ocean.</description>
    <categoryDef MayRequire="Ludeon.RimWorld.Ideology">Strong</categoryDef>
    <memes>
      <li MayRequire="Ludeon.RimWorld.Ideology">Structure_Archist</li>
      <li>Ritualist</li>
      <li MayRequire="Ludeon.RimWorld.Ideology">PainIsVirtue</li>
    </memes>
  </IdeoPresetDef>
  
</Defs>