<?xml version="1.0" encoding="utf-8" ?>
<Defs>

  <QuestScriptDef>
    <defName>SanguophageShip</defName>
    <hideInvolvedFactionsInfo>true</hideInvolvedFactionsInfo>
    <expireDaysRange>2</expireDaysRange>
    <rootMinPoints>300</rootMinPoints>
    <rootSelectionWeight>0.5</rootSelectionWeight>
    <minRefireDays>200</minRefireDays>
    <questNameRules>
      <rulesStrings>
        <li>questName->[shipAdjective] [shipNoun]</li>
        <li>shipAdjective->sanguophage</li>
        <li>shipAdjective->bloodthirsty</li>
        <li>shipAdjective->blood</li>
        <li>shipAdjective->shadow</li>
        <li>shipAdjective->dark</li>
        <li>shipAdjective->crimson</li>
        <li>shipAdjective->red</li>
        <li>shipAdjective->scab</li>
        <li>shipAdjective->hemic</li>
        <li>shipAdjective->sanguine</li>
        <li>shipNoun->ship</li>
        <li>shipNoun->shuttle</li>
        <li>shipNoun->craft</li>
        <li>shipNoun->hulk</li>
        <li>shipNoun->crash</li>
        <li>shipNoun->wreck</li>
      </rulesStrings>
    </questNameRules>
    <questDescriptionRules>
      <rulesStrings>
        <li>questDescription->You have intercepted a distress signal! A hostile shuttle carrying a sanguophage master and [thrallCount] thralls is having trouble with its engines. You can use signals to draw it down to a crash near [map_definite].\n\nOnce the ship has crashed, you can fight the sanguophage and [sanguophage_possessive] minions. If you can capture the master, you can force [sanguophage_objective] to turn one of your colonists into a sanguophage.\n\n[sanguophageInfo]</li>

        <li>sanguophageInfo->(*Gray)About sanguophages: Sanguophages are ageless, deathless super-humans powered by archotech-created archites in the bloodstream. They are beautiful and extremely intelligent. They can heal any injury, and never suffer from disease or poison. In combat, they can launch deadly spines and heal injured friends. The price is that sanguophages must consume hemogen derived from human blood to survive, and they must periodically deathrest for long periods. They're easily destroyed by fire, and slowed down by UV light.(/Gray)</li>
      </rulesStrings>
    </questDescriptionRules>
    <questContentRules>
      <rulesStrings>
        <li>sanguophageShuttleCrashedLetterLabel->Crashed shuttle</li>
        <li>sanguophageShuttleCrashedLetterText->A shuttle containing a sanguophage master and [thrallCount] thralls has crashed nearby. They will exit the crashed craft and prepare to fight.</li>

        <li>reinforcementsArrivedLetterLabel->Thrall reinforcements</li>
        <li>reinforcementsArrivedLetterText->Thralls are arriving in drop pods to reinforce the crashed sanguophage.</li>

        <li>assaultBeginLetterLabel->Assault begun</li>
        <li>assaultBeginLetterText->The hostile sanguophage master and [sanguophage_possessive] thralls have initiated an assault on the colony!</li>
      </rulesStrings>
    </questContentRules>
    <root Class="QuestNode_Root_SanguophageShip" />
  </QuestScriptDef>

</Defs>